date,lag_4,lag_3,lag_2,lag_1,target
2025-01-29,86.42,86.2,86.34,86.52,86.61
2025-01-30,86.2,86.34,86.52,86.61,86.55
2025-01-31,86.34,86.52,86.61,86.55,86.54
2025-02-03,86.52,86.61,86.55,86.54,87.19
2025-02-04,86.61,86.55,86.54,87.19,87.06
2025-02-05,86.55,86.54,87.19,87.06,87.08
2025-02-06,86.54,87.19,87.06,87.08,87.57
2025-02-07,87.19,87.06,87.08,87.57,87.43
2025-02-10,87.06,87.08,87.57,87.43,87.45
2025-02-11,87.08,87.57,87.43,87.45,86.76
2025-02-12,87.57,87.43,87.45,86.76,86.9
2025-02-13,87.43,87.45,86.76,86.9,86.89
2025-02-14,87.45,86.76,86.9,86.89,86.82
2025-02-18,86.76,86.9,86.89,86.82,86.96
2025-02-19,86.9,86.89,86.82,86.96,86.96
2025-02-20,86.89,86.82,86.96,86.96,86.65
2025-02-21,86.82,86.96,86.96,86.65,86.7
2025-02-24,86.96,86.96,86.65,86.7,86.72
2025-02-25,86.96,86.65,86.7,86.72,87.2
2025-02-26,86.65,86.7,86.72,87.2,87.2
2025-02-27,86.7,86.72,87.2,87.2,87.17
2025-02-28,86.72,87.2,87.2,87.17,87.5
2025-03-03,87.2,87.2,87.17,87.5,87.35
2025-03-04,87.2,87.17,87.5,87.35,87.26
2025-03-05,87.17,87.5,87.35,87.26,86.95
2025-03-06,87.5,87.35,87.26,86.95,87.11
2025-03-07,87.35,87.26,86.95,87.11,86.88
2025-03-10,87.26,86.95,87.11,86.88,87.27
2025-03-11,86.95,87.11,86.88,87.27,87.16
2025-03-12,87.11,86.88,87.27,87.16,87.16
2025-03-13,86.88,87.27,87.16,87.16,87.0
2025-03-14,87.27,87.16,87.16,87.0,87.0
2025-03-17,87.16,87.16,87.0,87.0,86.79
2025-03-18,87.16,87.0,87.0,86.79,86.5
2025-03-19,87.0,87.0,86.79,86.5,86.43
2025-03-20,87.0,86.79,86.5,86.43,86.31
2025-03-21,86.79,86.5,86.43,86.31,86.01
2025-03-24,86.5,86.43,86.31,86.01,85.56
2025-03-25,86.43,86.31,86.01,85.56,85.77
2025-03-26,86.31,86.01,85.56,85.77,85.71
2025-03-27,86.01,85.56,85.77,85.71,85.79
2025-03-28,85.56,85.77,85.71,85.79,85.51
2025-03-31,85.77,85.71,85.79,85.51,85.43
2025-04-01,85.71,85.79,85.51,85.43,85.46
2025-04-02,85.79,85.51,85.43,85.46,85.52
2025-04-03,85.51,85.43,85.46,85.52,85.44
2025-04-04,85.43,85.46,85.52,85.44,85.24
2025-04-07,85.46,85.52,85.44,85.24,85.85
2025-04-08,85.52,85.44,85.24,85.85,86.24
2025-04-09,85.44,85.24,85.85,86.24,86.64
2025-04-10,85.24,85.85,86.24,86.64,86.69
2025-04-11,85.85,86.24,86.64,86.69,86.06
2025-04-14,86.24,86.64,86.69,86.06,86.02
2025-04-15,86.64,86.69,86.06,86.02,85.76
2025-04-16,86.69,86.06,86.02,85.76,85.67
2025-04-17,86.06,86.02,85.76,85.67,85.37
2025-04-18,86.02,85.76,85.67,85.37,85.43
2025-04-21,85.76,85.67,85.37,85.43,85.18
2025-04-22,85.67,85.37,85.43,85.18,85.19
2025-04-23,85.37,85.43,85.18,85.19,85.42
2025-04-24,85.43,85.18,85.19,85.42,85.3
2025-04-25,85.18,85.19,85.42,85.3,85.43
2025-04-28,85.19,85.42,85.3,85.43,85.02
2025-04-29,85.42,85.3,85.43,85.02,85.27
2025-04-30,85.3,85.43,85.02,85.27,84.49
2025-05-01,85.43,85.02,85.27,84.49,84.58
2025-05-02,85.02,85.27,84.49,84.58,84.5
2025-05-05,85.27,84.49,84.58,84.5,84.27
2025-05-06,84.49,84.58,84.5,84.27,84.45
2025-05-07,84.58,84.5,84.27,84.45,84.82
2025-05-08,84.5,84.27,84.45,84.82,85.67
2025-05-09,84.27,84.45,84.82,85.67,85.38
2025-05-12,84.45,84.82,85.67,85.38,85.38
2025-05-13,84.82,85.67,85.38,85.38,85.35
2025-05-14,85.67,85.38,85.38,85.35,85.29
2025-05-15,85.38,85.38,85.35,85.29,85.52
2025-05-16,85.38,85.35,85.29,85.52,85.49
2025-05-19,85.35,85.29,85.52,85.49,85.37
2025-05-20,85.29,85.52,85.49,85.37,85.63
2025-05-21,85.52,85.49,85.37,85.63,85.65
2025-05-22,85.49,85.37,85.63,85.65,85.97
2025-05-23,85.37,85.63,85.65,85.97,85.17
2025-05-27,85.63,85.65,85.97,85.17,85.3
2025-05-28,85.65,85.97,85.17,85.3,85.39
2025-05-29,85.97,85.17,85.3,85.39,85.49
2025-05-30,85.17,85.3,85.39,85.49,85.5
2025-06-02,85.3,85.39,85.49,85.5,85.33
2025-06-03,85.39,85.49,85.5,85.33,85.59
2025-06-04,85.49,85.5,85.33,85.59,85.85
2025-06-05,85.5,85.33,85.59,85.85,85.8
2025-06-06,85.33,85.59,85.85,85.8,85.66
2025-06-09,85.59,85.85,85.8,85.66,85.64
2025-06-10,85.85,85.8,85.66,85.64,85.57
2025-06-11,85.8,85.66,85.64,85.57,85.51
2025-06-12,85.66,85.64,85.57,85.51,85.55
2025-06-13,85.64,85.57,85.51,85.55,86.08
2025-06-16,85.57,85.51,85.55,86.08,86.05
2025-06-17,85.51,85.55,86.08,86.05,86.29
2025-06-18,85.55,86.08,86.05,86.29,86.49
2025-06-20,86.08,86.05,86.29,86.49,86.58
2025-06-23,86.05,86.29,86.49,86.58,86.73
2025-06-24,86.29,86.49,86.58,86.73,85.92
2025-06-25,86.49,86.58,86.73,85.92,86.04
2025-06-26,86.58,86.73,85.92,86.04,85.66
2025-06-27,86.73,85.92,86.04,85.66,85.45
2025-06-30,85.92,86.04,85.66,85.45,85.74
2025-07-01,86.04,85.66,85.45,85.74,85.58
2025-07-02,85.66,85.45,85.74,85.58,85.7
2025-07-03,85.45,85.74,85.58,85.7,85.3
2025-07-07,85.74,85.58,85.7,85.3,85.86
2025-07-08,85.58,85.7,85.3,85.86,85.75
2025-07-09,85.7,85.3,85.86,85.75,85.69
2025-07-10,85.3,85.86,85.75,85.69,85.65
2025-07-11,85.86,85.75,85.69,85.65,85.8
2025-07-14,85.75,85.69,85.65,85.8,85.99
2025-07-15,85.69,85.65,85.8,85.99,85.82
2025-07-16,85.65,85.8,85.99,85.82,85.96
2025-07-17,85.8,85.99,85.82,85.96,86.08
2025-07-18,85.99,85.82,85.96,86.08,86.1
2025-07-21,85.82,85.96,86.08,86.1,86.3
2025-07-22,85.96,86.08,86.1,86.3,86.37
2025-07-23,86.08,86.1,86.3,86.37,86.41
2025-07-24,86.1,86.3,86.37,86.41,86.39
2025-07-25,86.3,86.37,86.41,86.39,86.48
2025-07-28,86.37,86.41,86.39,86.48,86.67
2025-07-29,86.41,86.39,86.48,86.67,86.83
2025-07-30,86.39,86.48,86.67,86.83,87.44
2025-07-31,86.48,86.67,86.83,87.44,87.6
2025-08-01,86.67,86.83,87.44,87.6,87.54
2025-08-04,86.83,87.44,87.6,87.54,87.63
2025-08-05,87.44,87.6,87.54,87.63,87.8
2025-08-06,87.6,87.54,87.63,87.8,87.71
2025-08-07,87.54,87.63,87.8,87.71,87.71
2025-08-08,87.63,87.8,87.71,87.71,87.67
2025-08-11,87.8,87.71,87.71,87.67,87.63
2025-08-12,87.71,87.71,87.67,87.63,87.71
2025-08-13,87.71,87.67,87.63,87.71,87.48
2025-08-14,87.67,87.63,87.71,87.48,87.56
2025-08-15,87.63,87.71,87.48,87.56,87.56
2025-08-18,87.71,87.48,87.56,87.56,87.3
2025-08-19,87.48,87.56,87.56,87.3,87.02
2025-08-20,87.56,87.56,87.3,87.02,87.02
2025-08-21,87.56,87.3,87.02,87.02,87.31
2025-08-22,87.3,87.02,87.02,87.31,87.53
2025-08-25,87.02,87.02,87.31,87.53,87.55
2025-08-26,87.02,87.31,87.53,87.55,87.68
2025-08-27,87.31,87.53,87.55,87.68,87.74
2025-08-28,87.53,87.55,87.68,87.74,87.63
2025-08-29,87.55,87.68,87.74,87.63,88.18
2025-09-02,87.68,87.74,87.63,88.18,88.15
2025-09-03,87.74,87.63,88.18,88.15,88.06
2025-09-04,87.63,88.18,88.15,88.06,88.17
2025-09-05,88.18,88.15,88.06,88.17,88.25
2025-09-08,88.15,88.06,88.17,88.25,88.25
2025-09-09,88.06,88.17,88.25,88.25,88.12
2025-09-10,88.17,88.25,88.25,88.12,88.09
2025-09-11,88.25,88.25,88.12,88.09,88.44
2025-09-12,88.25,88.12,88.09,88.44,88.28
2025-09-15,88.12,88.09,88.44,88.28,88.22
2025-09-16,88.09,88.44,88.28,88.22,88.05
2025-09-17,88.44,88.28,88.22,88.05,87.77
2025-09-18,88.28,88.22,88.05,87.77,88.17
2025-09-19,88.22,88.05,87.77,88.17,88.06
2025-09-22,88.05,87.77,88.17,88.06,88.29
2025-09-23,87.77,88.17,88.06,88.29,88.76
2025-09-24,88.17,88.06,88.29,88.76,88.73
2025-09-25,88.06,88.29,88.76,88.73,88.7
2025-09-26,88.29,88.76,88.73,88.7,88.65
2025-09-29,88.76,88.73,88.7,88.65,88.76
2025-09-30,88.73,88.7,88.65,88.76,88.78
2025-10-01,88.7,88.65,88.76,88.78,88.69
2025-10-02,88.65,88.76,88.78,88.69,88.74
2025-10-03,88.76,88.78,88.69,88.74,88.78
2025-10-06,88.78,88.69,88.74,88.78,88.79
2025-10-07,88.69,88.74,88.78,88.79,88.72
2025-10-08,88.74,88.78,88.79,88.72,88.77
2025-10-09,88.78,88.79,88.72,88.77,88.84
2025-10-10,88.79,88.72,88.77,88.84,88.72
2025-10-14,88.72,88.77,88.84,88.72,88.76
2025-10-15,88.77,88.84,88.72,88.76,87.98
2025-10-16,88.84,88.72,88.76,87.98,87.81
2025-10-17,88.72,88.76,87.98,87.81,87.99
2025-10-20,88.76,87.98,87.81,87.99,87.92
2025-10-21,87.98,87.81,87.99,87.92,87.97
2025-10-22,87.81,87.99,87.92,87.97,87.92
2025-10-23,87.99,87.92,87.97,87.92,87.85
2025-10-24,87.92,87.97,87.92,87.85,87.83
2025-10-27,87.97,87.92,87.85,87.83,88.24
2025-10-28,87.92,87.85,87.83,88.24,88.21
2025-10-29,87.85,87.83,88.24,88.21,88.2
2025-10-30,87.83,88.24,88.21,88.2,88.64
2025-10-31,88.24,88.21,88.2,88.64,88.75
2025-11-03,88.21,88.2,88.64,88.75,88.78
2025-11-04,88.2,88.64,88.75,88.78,88.67
2025-11-05,88.64,88.75,88.78,88.67,88.66
2025-11-06,88.75,88.78,88.67,88.66,88.65
2025-11-07,88.78,88.67,88.66,88.65,88.68
2025-11-10,88.67,88.66,88.65,88.68,88.7
2025-11-12,88.66,88.65,88.68,88.7,88.58
2025-11-13,88.65,88.68,88.7,88.58,88.66
2025-11-14,88.68,88.7,88.58,88.66,88.74
2025-11-17,88.7,88.58,88.66,88.74,88.58
2025-11-18,88.58,88.66,88.74,88.58,88.6
2025-11-19,88.66,88.74,88.58,88.6,88.58
2025-11-20,88.74,88.58,88.6,88.58,88.69
2025-11-21,88.58,88.6,88.58,88.69,89.54
2025-11-24,88.6,88.58,88.69,89.54,89.23
2025-11-25,88.58,88.69,89.54,89.23,89.16
2025-11-26,88.69,89.54,89.23,89.16,89.27
2025-11-28,89.54,89.23,89.16,89.27,89.43
2025-12-01,89.23,89.16,89.27,89.43,89.59
2025-12-02,89.16,89.27,89.43,89.59,89.92
2025-12-03,89.27,89.43,89.59,89.92,90.15
2025-12-04,89.43,89.59,89.92,90.15,89.97
2025-12-05,89.59,89.92,90.15,89.97,89.97
2025-12-08,89.92,90.15,89.97,89.97,90.12
2025-12-09,90.15,89.97,89.97,90.12,89.9
2025-12-10,89.97,89.97,90.12,89.9,89.98
2025-12-11,89.97,90.12,89.9,89.98,90.35
2025-12-12,90.12,89.9,89.98,90.35,90.41
2025-12-15,89.9,89.98,90.35,90.41,90.7
2025-12-16,89.98,90.35,90.41,90.7,91.03
2025-12-17,90.35,90.41,90.7,91.03,90.4
2025-12-18,90.41,90.7,91.03,90.4,90.25
2025-12-19,90.7,91.03,90.4,90.25,89.54
2025-12-22,91.03,90.4,90.25,89.54,89.64
2025-12-23,90.4,90.25,89.54,89.64,89.67
2025-12-24,90.25,89.54,89.64,89.67,89.81
2025-12-26,89.54,89.64,89.67,89.81,89.78
2025-12-29,89.64,89.67,89.81,89.78,89.97
2025-12-30,89.67,89.81,89.78,89.97,89.78
2025-12-31,89.81,89.78,89.97,89.78,89.84
2026-01-02,89.78,89.97,89.78,89.84,90.19
2026-01-05,89.97,89.78,89.84,90.19,90.28
2026-01-06,89.78,89.84,90.19,90.28,90.18
2026-01-07,89.84,90.19,90.28,90.18,89.9
2026-01-08,90.19,90.28,90.18,89.9,90.02
2026-01-09,90.28,90.18,89.9,90.02,90.16
2026-01-12,90.18,89.9,90.02,90.16,90.12
2026-01-13,89.9,90.02,90.16,90.12,90.19
2026-01-14,90.02,90.16,90.12,90.19,90.24
2026-01-15,90.16,90.12,90.19,90.24,90.26
2026-01-16,90.12,90.19,90.24,90.26,90.87
2026-01-20,90.19,90.24,90.26,90.87,91.01
2026-01-21,90.24,90.26,90.87,91.01,91.68
2026-01-22,90.26,90.87,91.01,91.68,91.62
2026-01-23,90.87,91.01,91.68,91.62,91.95
2026-01-26,91.01,91.68,91.62,91.95,91.95
2026-01-27,91.68,91.62,91.95,91.95,91.72
2026-01-28,91.62,91.95,91.95,91.72,91.78
2026-01-29,91.95,91.95,91.72,91.78,91.95
2026-01-30,91.95,91.72,91.78,91.95,91.98
2026-02-02,91.72,91.78,91.95,91.98,91.51
2026-02-03,91.78,91.95,91.98,91.51,90.3
2026-02-04,91.95,91.98,91.51,90.3,90.36
2026-02-05,91.98,91.51,90.3,90.36,90.33
2026-02-06,91.51,90.3,90.36,90.33,90.65
2026-02-09,90.3,90.36,90.33,90.65,90.77
2026-02-10,90.36,90.33,90.65,90.77,90.57
2026-02-11,90.33,90.65,90.77,90.57,90.69
2026-02-12,90.65,90.77,90.57,90.69,90.63
2026-02-13,90.77,90.57,90.69,90.63,90.64
2026-02-17,90.57,90.69,90.63,90.64,90.63
2026-02-18,90.69,90.63,90.64,90.63,90.7
2026-02-19,90.63,90.64,90.63,90.7,90.68
2026-02-20,90.64,90.63,90.7,90.68,90.98
2026-02-23,90.63,90.7,90.68,90.98,90.88
2026-02-24,90.7,90.68,90.98,90.88,90.95
2026-02-25,90.68,90.98,90.88,90.95,90.95
2026-02-26,90.98,90.88,90.95,90.95,90.92
2026-02-27,90.88,90.95,90.95,90.92,91.03
2026-03-02,90.95,90.95,90.92,91.03,91.47
2026-03-03,90.95,90.92,91.03,91.47,91.47
2026-03-04,90.92,91.03,91.47,91.47,92.08
2026-03-05,91.03,91.47,91.47,92.08,91.58
2026-03-06,91.47,91.47,92.08,91.58,91.73
2026-03-09,91.47,92.08,91.58,91.73,92.31
2026-03-10,92.08,91.58,91.73,92.31,91.85
2026-03-11,91.58,91.73,92.31,91.85,92.03
2026-03-12,91.73,92.31,91.85,92.03,92.18
2026-03-13,92.31,91.85,92.03,92.18,92.47
2026-03-16,91.85,92.03,92.18,92.47,92.42
2026-03-17,92.03,92.18,92.47,92.42,92.36
2026-03-18,92.18,92.47,92.42,92.36,92.87
2026-03-19,92.47,92.42,92.36,92.87,92.62
2026-03-20,92.42,92.36,92.87,92.62,93.73
2026-03-23,92.36,92.87,92.62,93.73,93.96
2026-03-24,92.87,92.62,93.73,93.96,93.86
2026-03-25,92.62,93.73,93.96,93.86,93.97
2026-03-26,93.73,93.96,93.86,93.97,93.97
2026-03-27,93.96,93.86,93.97,93.97,94.83
2026-03-30,93.86,93.97,93.97,94.83,94.41
2026-03-31,93.97,93.97,94.83,94.41,93.83
2026-04-01,93.97,94.83,94.41,93.83,93.21
2026-04-02,94.83,94.41,93.83,93.21,93.09
2026-04-03,94.41,93.83,93.21,93.09,93.09
2026-04-06,93.83,93.21,93.09,93.09,93.06
2026-04-07,93.21,93.09,93.09,93.06,92.96
2026-04-08,93.09,93.09,93.06,92.96,92.25
2026-04-09,93.09,93.06,92.96,92.25,92.69
2026-04-10,93.06,92.96,92.25,92.69,92.72
2026-04-13,92.96,92.25,92.69,92.72,93.39
2026-04-14,92.25,92.69,92.72,93.39,93.37
2026-04-15,92.69,92.72,93.39,93.37,93.37
2026-04-16,92.72,93.39,93.37,93.37,93.2
2026-04-17,93.39,93.37,93.37,93.2,92.9
2026-04-20,93.37,93.37,93.2,92.9,93.13
2026-04-21,93.37,93.2,92.9,93.13,93.5
2026-04-22,93.2,92.9,93.13,93.5,93.79
2026-04-23,92.9,93.13,93.5,93.79,94.11
2026-04-24,93.13,93.5,93.79,94.11,94.25
2026-04-27,93.5,93.79,94.11,94.25,94.19
2026-04-28,93.79,94.11,94.25,94.19,94.54
2026-04-29,94.11,94.25,94.19,94.54,94.85
2026-04-30,94.25,94.19,94.54,94.85,94.91
2026-05-01,94.19,94.54,94.85,94.91,94.9
2026-05-04,94.54,94.85,94.91,94.9,95.09
2026-05-05,94.85,94.91,94.9,95.09,95.32
2026-05-06,94.91,94.9,95.09,95.32,94.61
2026-05-07,94.9,95.09,95.32,94.61,94.25
2026-05-08,95.09,95.32,94.61,94.25,94.49
2026-05-11,95.32,94.61,94.25,94.49,95.31
2026-05-12,94.61,94.25,94.49,95.31,95.63
2026-05-13,94.25,94.49,95.31,95.63,95.69
2026-05-14,94.49,95.31,95.63,95.69,95.76
2026-05-15,95.31,95.63,95.69,95.76,95.97
2026-05-18,95.63,95.69,95.76,95.97,96.35
2026-05-19,95.69,95.76,95.97,96.35,96.53
2026-05-20,95.76,95.97,96.35,96.53,96.82
2026-05-21,95.97,96.35,96.53,96.82,96.2
2026-05-22,96.35,96.53,96.82,96.2,95.69
2026-05-26,96.53,96.82,96.2,95.69,95.68
2026-05-27,96.82,96.2,95.69,95.68,95.69
2026-05-28,96.2,95.69,95.68,95.69,95.69
2026-05-29,95.69,95.68,95.69,95.69,95.0
2026-06-01,95.68,95.69,95.69,95.0,94.99
2026-06-02,95.69,95.69,95.0,94.99,95.27
2026-06-03,95.69,95.0,94.99,95.27,95.71
2026-06-04,95.0,94.99,95.27,95.71,95.79
2026-06-05,94.99,95.27,95.71,95.79,94.95
2026-06-08,95.27,95.71,95.79,94.95,95.71
2026-06-09,95.71,95.79,94.95,95.71,95.35
2026-06-10,95.79,94.95,95.71,95.35,95.27
2026-06-11,94.95,95.71,95.35,95.27,95.76
2026-06-12,95.71,95.35,95.27,95.76,95.11
2026-06-15,95.35,95.27,95.76,95.11,94.71
2026-06-16,95.27,95.76,95.11,94.71,94.62
2026-06-17,95.76,95.11,94.71,94.62,94.53
2026-06-18,95.11,94.71,94.62,94.53,94.33
2026-06-22,94.71,94.62,94.53,94.33,94.68
2026-06-23,94.62,94.53,94.33,94.68,94.74
2026-06-24,94.53,94.33,94.68,94.74,94.67
2026-06-25,94.33,94.68,94.74,94.67,94.4
2026-06-26,94.68,94.74,94.67,94.4,94.37
2026-06-29,94.74,94.67,94.4,94.37,94.54
2026-06-30,94.67,94.4,94.37,94.54,94.66
2026-07-01,94.4,94.37,94.54,94.66,95.25
2026-07-02,94.37,94.54,94.66,95.25,95.39
2026-07-06,94.54,94.66,95.25,95.39,95.4
2026-07-07,94.66,95.25,95.39,95.4,94.97
2026-07-08,95.25,95.39,95.4,94.97,95.56
2026-07-09,95.39,95.4,94.97,95.56,95.39
2026-07-10,95.4,94.97,95.56,95.39,95.33
2026-07-13,94.97,95.56,95.39,95.33,95.62
2026-07-14,95.56,95.39,95.33,95.62,96.2
2026-07-15,95.39,95.33,95.62,96.2,96.26
2026-07-16,95.33,95.62,96.2,96.26,96.35
2026-07-17,95.62,96.2,96.26,96.35,96.28
2026-07-20,96.2,96.26,96.35,96.28,96.45
2026-07-21,96.26,96.35,96.28,96.45,96.24
2026-07-22,96.35,96.28,96.45,96.24,96.57
2026-07-23,96.28,96.45,96.24,96.57,96.57
2026-07-24,96.45,96.24,96.57,96.57,96.56
2026-07-27,96.24,96.57,96.57,96.56,95.91
2026-07-28,96.57,96.57,96.56,95.91,95.85
2026-07-29,96.57,96.56,95.91,95.85,95.65
2026-07-30,96.56,95.91,95.85,95.65,95.68
2026-07-31,95.91,95.85,95.65,95.68,95.38
2026-08-03,95.85,95.65,95.68,95.38,95.91
2026-08-04,95.65,95.68,95.38,95.91,95.38
2026-08-05,95.68,95.38,95.91,95.38,95.14
2026-08-06,95.38,95.91,95.38,95.14,95.21
2026-08-07,95.91,95.38,95.14,95.21,95.21
